ORD200000,Monitor,5,570.62,2853.1
ORD200001,Phone,2,151.35,302.7
ORD200002,Tablet,5,550.68,2753.4
ORD200003,Chair,1,273.19,273.19
ORD200004,Printer,4,626.01,2504.04
ORD200005,Phone,2,245.86,491.72
ORD200006,Laptop,1,664.42,664.42
ORD200007,Monitor,5,149.55,747.75
ORD200008,Phone,2,134.28,268.56
ORD200009,Desk,4,509.38,2037.52
ORD200010,Tablet,5,625.97,3129.85
ORD200011,Monitor,3,49.14,147.42
ORD200012,Monitor,2,180.5,361
ORD200013,Laptop,3,201.49,604.47
ORD200014,Tablet,2,393.33,786.66
ORD200015,Printer,1,473.96,473.96
ORD200016,Printer,2,533.81,1067.62
ORD200017,Tablet,1,423.4,423.4
ORD200018,Desk,1,431.44,431.44
ORD200019,Monitor,5,224,1120
ORD200020,Chair,5,62.51,312.55
ORD200021,Monitor,4,342.95,1371.8
ORD200022,Monitor,2,49.62,99.24
ORD200023,Phone,4,273.25,1093
ORD200024,Laptop,2,230.95,461.9
ORD200025,Monitor,1,399.98,399.98
ORD200026,Laptop,5,59.55,297.75
ORD200027,Printer,1,472.74,472.74
ORD200028,Phone,4,160.07,640.28
ORD200029,Desk,3,423.53,1270.59
ORD200030,Monitor,2,426.7,853.4
ORD200031,Chair,3,500.08,1500.24
ORD200032,Tablet,5,536.72,2683.6
ORD200033,Chair,1,162.77,162.77
ORD200034,Chair,4,576.52,2306.08
ORD200035,Monitor,2,465.15,930.3
ORD200036,Laptop,2,534.43,1068.86
ORD200037,Laptop,2,76.74,153.48
ORD200038,Laptop,1,245.89,245.89
ORD200039,Printer,3,256.46,769.38
ORD200040,Desk,2,344.02,688.04
ORD200041,Monitor,3,611.45,1834.35
ORD200042,Printer,2,151.66,303.32
ORD200043,Chair,3,499.21,1497.63
ORD200044,Phone,2,550.18,1100.36
ORD200045,Chair,1,317.25,317.25
ORD200046,Monitor,4,550.14,2200.56
ORD200047,Desk,2,209.94,419.88
ORD200048,Monitor,2,80.77,161.54
ORD200049,Printer,1,30.44,30.44
ORD200050,Tablet,1,179.22,179.22
ORD200051,Tablet,1,388.33,388.33
ORD200052,Tablet,1,586.44,586.44
ORD200053,Phone,4,488.78,1955.12
ORD200054,Chair,1,280.25,280.25
ORD200055,Printer,3,344.4,1033.2
ORD200056,Tablet,3,479.21,1437.63
ORD200057,Printer,5,314.27,1571.35
ORD200058,Phone,4,474.69,1898.76
ORD200059,Chair,4,593.27,2373.08
ORD200060,Desk,1,417.1,417.1
ORD200061,Desk,4,122.2,488.8
ORD200062,Desk,2,43.15,86.3
ORD200063,Chair,1,564.86,564.86
ORD200064,Printer,3,130.61,391.83
ORD200065,Monitor,5,81.7,408.5
ORD200066,Chair,5,127.18,635.9
ORD200067,Printer,4,12.1,48.4
ORD200068,Chair,3,490.92,1472.76
ORD200069,Monitor,3,478.65,1435.95
ORD200070,Desk,1,629.21,629.21
ORD200071,Monitor,3,434.45,1303.35
ORD200072,Tablet,4,589.44,2357.76
ORD200073,Monitor,4,433.45,1733.8
ORD200074,Phone,5,90.87,454.35
ORD200075,Tablet,3,398.17,1194.51
ORD200076,Laptop,4,382.88,1531.52
ORD200077,Phone,1,583.18,583.18
ORD200078,Printer,4,175.36,701.44
ORD200079,Tablet,2,311.91,623.82
ORD200080,Phone,3,589.56,1768.68
ORD200081,Monitor,2,394.3,788.6
ORD200082,Tablet,4,565.2,2260.8
ORD200083,Laptop,4,540.41,2161.64
ORD200084,Monitor,2,165.49,330.98
ORD200085,Tablet,3,146.73,440.19
ORD200086,Printer,5,643.03,3215.15
ORD200087,Tablet,3,225.11,675.33
ORD200088,Desk,3,114.81,344.43
ORD200089,Printer,5,455.33,2276.65
ORD200090,Chair,4,182.08,728.32
ORD200091,Laptop,5,492.75,2463.75
ORD200092,Printer,4,48.61,194.44
ORD200093,Desk,4,431.01,1724.04
ORD200094,Chair,1,531.18,531.18
ORD200095,Printer,4,117.51,470.04
ORD200096,Phone,2,232.83,465.66
ORD200097,Tablet,5,619.52,3097.6
ORD200098,Printer,2,228.54,457.08
ORD200099,Printer,1,201.58,201.58
ORD200100,Phone,3,664.79,1994.37
ORD200101,Printer,1,381.02,381.02
ORD200102,Laptop,2,70.34,140.68
ORD200103,Phone,4,218.43,873.72
ORD200104,Phone,1,582.04,582.04
ORD200105,Printer,3,185.4,556.2
ORD200106,Desk,3,465.05,1395.15
ORD200107,Printer,5,670.75,3353.75
ORD200108,Laptop,5,48.38,241.9
ORD200109,Desk,3,592.87,1778.61
ORD200110,Tablet,1,220.77,220.77
ORD200111,Desk,3,309.22,927.66
ORD200112,Monitor,1,410.6,410.6
ORD200113,Laptop,5,190.08,950.4
ORD200114,Monitor,5,498.48,2492.4
ORD200115,Phone,5,374.99,1874.95
ORD200116,Printer,4,291.35,1165.4
ORD200117,Tablet,1,535.5,535.5
ORD200118,Printer,5,502.71,2513.55
ORD200119,Desk,2,534.67,1069.34
ORD200120,Tablet,4,629.34,2517.36
ORD200121,Desk,1,410.78,410.78
ORD200122,Laptop,2,533.02,1066.04
ORD200123,Desk,3,278.04,834.12
ORD200124,Printer,4,283.79,1135.16
ORD200125,Phone,2,512.65,1025.3
ORD200126,Desk,4,275.5,1102
ORD200127,Desk,3,469.32,1407.96
ORD200128,Tablet,4,21.07,84.28
ORD200129,Laptop,4,263.93,1055.72
ORD200130,Desk,3,501.3,1503.9
ORD200131,Tablet,1,84.8,84.8
ORD200132,Tablet,4,450.75,1803
ORD200133,Chair,4,302.05,1208.2
ORD200134,Laptop,2,199.7,399.4
ORD200135,Printer,2,68.81,137.62
ORD200136,Laptop,1,44.35,44.35
ORD200137,Monitor,2,250.98,501.96
ORD200138,Tablet,1,298.06,298.06
ORD200139,Phone,1,583.9,583.9
ORD200140,Chair,3,528.14,1584.42
ORD200141,Printer,3,684.14,2052.42
ORD200142,Desk,5,272.77,1363.85
ORD200143,Chair,4,400.07,1600.28
ORD200144,Desk,5,219.78,1098.9
ORD200145,Printer,3,146.91,440.73
ORD200146,Tablet,2,411.49,822.98
ORD200147,Laptop,2,465.18,930.36
ORD200148,Phone,2,319.91,639.82
ORD200149,Laptop,1,217.56,217.56
ORD200150,Phone,2,105.57,211.14
ORD200151,Printer,5,444.76,2223.8
ORD200152,Chair,2,399.04,798.08
ORD200153,Chair,4,534.48,2137.92
ORD200154,Phone,4,408.21,1632.84
ORD200155,Phone,1,424.4,424.4
ORD200156,Chair,2,269.83,539.66
ORD200157,Monitor,2,564.58,1129.16
ORD200158,Tablet,1,331.06,331.06
ORD200159,Printer,1,299.35,299.35
ORD200160,Monitor,4,101.32,405.28
ORD200161,Monitor,1,211.14,211.14
ORD200162,Chair,3,65.86,197.58
ORD200163,Tablet,1,641.39,641.39
ORD200164,Desk,5,536.58,2682.9
ORD200165,Monitor,2,500.29,1000.58
ORD200166,Chair,3,86.29,258.87
ORD200167,Chair,2,384.14,768.28
ORD200168,Printer,1,594.96,594.96
ORD200169,Printer,1,427.82,427.82
ORD200170,Desk,4,662.94,2651.76
ORD200171,Tablet,2,148.22,296.44
ORD200172,Printer,1,254.12,254.12
ORD200173,Phone,3,664.46,1993.38
ORD200174,Printer,4,600.81,2403.24
ORD200175,Chair,5,68.34,341.7
ORD200176,Tablet,4,430.83,1723.32
ORD200177,Chair,5,431.69,2158.45
ORD200178,Chair,4,512.06,2048.24
ORD200179,Laptop,3,539.91,1619.73
ORD200180,Tablet,5,316.07,1580.35
ORD200181,Printer,5,404.39,2021.95
ORD200182,Desk,1,600.54,600.54
ORD200183,Monitor,5,186.28,931.4
ORD200184,Tablet,4,214.54,858.16
ORD200185,Laptop,1,210.7,210.7
ORD200186,Phone,2,133.55,267.1
ORD200187,Chair,1,590.87,590.87
ORD200188,Chair,2,363.91,727.82
ORD200189,Printer,5,429.45,2147.25
ORD200190,Printer,3,223.7,671.1
ORD200191,Laptop,2,488.87,977.74
ORD200192,Desk,1,645.46,645.46
ORD200193,Printer,1,46.66,46.66
ORD200194,Monitor,1,249.57,249.57
ORD200195,Chair,3,619.21,1857.63
ORD200196,Desk,4,217.13,868.52
ORD200197,Laptop,5,221.51,1107.55
ORD200198,Laptop,4,340.3,1361.2
ORD200199,Phone,1,625,625
ORD200200,Tablet,5,433.26,2166.3
ORD200201,Monitor,2,674.9,1349.8
ORD200202,Monitor,3,253.98,761.94
ORD200203,Printer,3,356.84,1070.52
ORD200204,Laptop,4,413.71,1654.84
ORD200205,Desk,3,147.39,442.17
ORD200206,Laptop,4,229.1,916.4
ORD200207,Phone,1,121.96,121.96
ORD200208,Desk,2,408.32,816.64
ORD200209,Tablet,5,187.97,939.85
ORD200210,Chair,3,358.48,1075.44
ORD200211,Printer,3,193.58,580.74
ORD200212,Monitor,1,265.38,265.38
ORD200213,Laptop,1,634.4,634.4
ORD200214,Desk,4,305.72,1222.88
ORD200215,Printer,1,303.6,303.6
ORD200216,Monitor,4,496,1984
ORD200217,Desk,4,321.51,1286.04
ORD200218,Tablet,3,112.46,337.38
ORD200219,Laptop,5,61.97,309.85
ORD200220,Laptop,2,373.17,746.34
ORD200221,Tablet,5,639.37,3196.85
ORD200222,Chair,4,693.36,2773.44
ORD200223,Phone,4,692.91,2771.64
ORD200224,Printer,4,91.46,365.84
ORD200225,Phone,3,273.96,821.88
ORD200226,Desk,3,588.05,1764.15
ORD200227,Monitor,2,365.17,730.34
ORD200228,Chair,4,385.92,1543.68
ORD200229,Tablet,1,562.61,562.61
ORD200230,Desk,4,61.91,247.64
ORD200231,Phone,4,41.9,167.6
ORD200232,Printer,4,444.44,1777.76
ORD200233,Phone,3,311.33,933.99
ORD200234,Printer,4,236.41,945.64
ORD200235,Desk,1,65.45,65.45
ORD200236,Monitor,1,318.81,318.81
ORD200237,Monitor,3,583.72,1751.16
ORD200238,Desk,4,384.32,1537.28
ORD200239,Tablet,3,538.74,1616.22
ORD200240,Tablet,1,17.24,17.24
ORD200241,Chair,5,615.67,3078.35
ORD200242,Printer,2,219.1,438.2
ORD200243,Chair,2,144.66,289.32
ORD200244,Desk,2,317.77,635.54
ORD200245,Laptop,1,223.3,223.3
ORD200246,Desk,2,342.11,684.22
ORD200247,Printer,2,220.9,441.8
ORD200248,Laptop,1,670.54,670.54
ORD200249,Printer,1,546.19,546.19
ORD200250,Desk,3,42.95,128.85
ORD200251,Monitor,4,14.69,58.76
ORD200252,Phone,4,668.36,2673.44
ORD200253,Chair,4,413.74,1654.96
ORD200254,Monitor,3,263.19,789.57
ORD200255,Monitor,1,263.96,263.96
ORD200256,Chair,5,75.81,379.05
ORD200257,Phone,1,406.22,406.22
ORD200258,Tablet,2,103.41,206.82
ORD200259,Chair,4,435.12,1740.48
ORD200260,Monitor,2,407.79,815.58
ORD200261,Phone,5,173.65,868.25
ORD200262,Phone,4,249.07,996.28
ORD200263,Phone,4,434.85,1739.4
ORD200264,Tablet,1,436.77,436.77
ORD200265,Printer,1,572.13,572.13
ORD200266,Chair,4,583.07,2332.28
ORD200267,Chair,5,468.51,2342.55
ORD200268,Phone,2,423.88,847.76
ORD200269,Tablet,4,663.67,2654.68
ORD200270,Printer,4,309.91,1239.64
ORD200271,Monitor,1,542.07,542.07
ORD200272,Chair,2,399.32,798.64
ORD200273,Tablet,2,238.25,476.5
ORD200274,Phone,2,182.4,364.8
ORD200275,Chair,2,65.07,130.14
ORD200276,Printer,2,600.57,1201.14
ORD200277,Chair,5,90.92,454.6
ORD200278,Laptop,5,362.46,1812.3
ORD200279,Chair,3,55.01,165.03
ORD200280,Tablet,3,404.62,1213.86
ORD200281,Desk,4,654.79,2619.16
ORD200282,Printer,4,637.79,2551.16
ORD200283,Laptop,4,540.33,2161.32
ORD200284,Laptop,5,208.17,1040.85
ORD200285,Phone,1,338.31,338.31
ORD200286,Monitor,3,139.45,418.35
ORD200287,Chair,4,655.18,2620.72
ORD200288,Laptop,4,512.75,2051
ORD200289,Chair,4,160.49,641.96
ORD200290,Chair,3,99.9,299.7
ORD200291,Phone,2,345.01,690.02
ORD200292,Monitor,1,65.95,65.95
ORD200293,Tablet,4,463.04,1852.16
ORD200294,Phone,2,297.71,595.42
ORD200295,Printer,5,107.48,537.4
ORD200296,Desk,5,638.8,3194
ORD200297,Desk,2,493.88,987.76
ORD200298,Printer,4,301.17,1204.68
ORD200299,Monitor,1,278.66,278.66
ORD200300,Phone,1,287.46,287.46
ORD200301,Chair,1,583.99,583.99
ORD200302,Chair,3,468.74,1406.22
ORD200303,Tablet,1,30.54,30.54
ORD200304,Monitor,5,408.73,2043.65
ORD200305,Laptop,4,126.89,507.56
ORD200306,Printer,2,57.07,114.14
ORD200307,Laptop,3,557.41,1672.23
ORD200308,Printer,3,448.9,1346.7
ORD200309,Chair,4,549.76,2199.04
ORD200310,Printer,3,132.48,397.44
ORD200311,Desk,5,489.37,2446.85
ORD200312,Printer,5,66.31,331.55
ORD200313,Chair,2,434.3,868.6
ORD200314,Desk,4,153.09,612.36
ORD200315,Tablet,5,91.67,458.35
ORD200316,Desk,4,275.28,1101.12
ORD200317,Monitor,2,139.95,279.9
ORD200318,Chair,3,148.72,446.16
ORD200319,Laptop,2,563.06,1126.12
ORD200320,Printer,1,625.51,625.51
ORD200321,Phone,4,152.29,609.16
ORD200322,Phone,5,231.82,1159.1
ORD200323,Laptop,1,150.17,150.17
ORD200324,Tablet,3,70.93,212.79
ORD200325,Desk,3,361.39,1084.17
ORD200326,Laptop,5,670.48,3352.4
ORD200327,Phone,1,359.99,359.99
ORD200328,Tablet,5,674.04,3370.2
ORD200329,Chair,4,283.16,1132.64
ORD200330,Desk,5,260.53,1302.65
ORD200331,Printer,3,422.13,1266.39
ORD200332,Desk,5,125.02,625.1
ORD200333,Phone,1,198.51,198.51
ORD200334,Chair,4,224.75,899
ORD200335,Tablet,3,205.86,617.58
ORD200336,Laptop,1,18.2,18.2
ORD200337,Tablet,3,502.77,1508.31
ORD200338,Phone,5,305.49,1527.45
ORD200339,Printer,2,236.33,472.66
ORD200340,Laptop,5,521.25,2606.25
ORD200341,Tablet,1,167.15,167.15
ORD200342,Monitor,5,466.42,2332.1
ORD200343,Printer,1,527.57,527.57
ORD200344,Tablet,3,623.34,1870.02
ORD200345,Tablet,5,501.26,2506.3
ORD200346,Tablet,1,655.09,655.09
ORD200347,Printer,4,264.79,1059.16
ORD200348,Laptop,3,359.73,1079.19
ORD200349,Chair,1,465.33,465.33
ORD200350,Chair,2,54.41,108.82
ORD200351,Laptop,1,64.66,64.66
ORD200352,Chair,5,173.96,869.8
ORD200353,Tablet,1,630.82,630.82
ORD200354,Phone,1,693.41,693.41
ORD200355,Tablet,3,433.33,1299.99
ORD200356,Printer,5,374.58,1872.9
ORD200357,Laptop,5,408.56,2042.8
ORD200358,Tablet,2,183.67,367.34
ORD200359,Desk,4,606.57,2426.28
ORD200360,Phone,4,589.57,2358.28
ORD200361,Printer,5,659.85,3299.25
ORD200362,Monitor,4,206.84,827.36
ORD200363,Laptop,5,113.87,569.35
ORD200364,Phone,5,628.74,3143.7
ORD200365,Phone,1,678.38,678.38
ORD200366,Printer,3,602.24,1806.72
ORD200367,Laptop,5,658.77,3293.85
ORD200368,Monitor,3,271.02,813.06
ORD200369,Monitor,5,375.25,1876.25
ORD200370,Phone,1,312.11,312.11
ORD200371,Phone,5,307.76,1538.8
ORD200372,Chair,3,483.53,1450.59
ORD200373,Laptop,3,341.15,1023.45
ORD200374,Monitor,1,571.9,571.9
ORD200375,Monitor,4,95.03,380.12
ORD200376,Monitor,5,201.22,1006.1
ORD200377,Monitor,1,260.26,260.26
ORD200378,Chair,5,64.5,322.5
ORD200379,Phone,3,297.67,893.01
ORD200380,Printer,4,331.9,1327.6
ORD200381,Chair,1,191.76,191.76
ORD200382,Printer,4,263.09,1052.36
ORD200383,Chair,4,393.8,1575.2
ORD200384,Chair,3,553.57,1660.71
ORD200385,Chair,5,191.63,958.15
ORD200386,Tablet,1,93.02,93.02
ORD200387,Printer,2,39.53,79.06
ORD200388,Printer,3,633.97,1901.91
ORD200389,Desk,4,697.5,2790
ORD200390,Printer,5,508.69,2543.45
ORD200391,Laptop,2,527.46,1054.92
ORD200392,Phone,1,627.2,627.2
ORD200393,Printer,1,75.01,75.01
ORD200394,Desk,5,529.55,2647.75
ORD200395,Phone,3,127.41,382.23
ORD200396,Tablet,5,287.13,1435.65
ORD200397,Monitor,1,427.06,427.06
ORD200398,Phone,5,53.93,269.65
ORD200399,Tablet,5,423.93,2119.65
ORD200400,Desk,4,160.22,640.88
ORD200401,Printer,1,538.68,538.68
ORD200402,Printer,5,337.38,1686.9
ORD200403,Tablet,1,620.21,620.21
ORD200404,Monitor,2,99.1,198.2
ORD200405,Monitor,4,451.97,1807.88
ORD200406,Tablet,4,66.1,264.4
ORD200407,Tablet,4,547.32,2189.28
ORD200408,Printer,3,412.53,1237.59
ORD200409,Desk,5,84.13,420.65
ORD200410,Tablet,2,518.23,1036.46
ORD200411,Desk,2,39.51,79.02
ORD200412,Tablet,5,133.01,665.05
ORD200413,Tablet,1,118.8,118.8
ORD200414,Desk,2,139.57,279.14
ORD200415,Chair,1,184.15,184.15
ORD200416,Laptop,2,644.05,1288.1
ORD200417,Laptop,5,55.41,277.05
ORD200418,Printer,1,310.93,310.93
ORD200419,Tablet,2,216.66,433.32
ORD200420,Phone,1,452.7,452.7
ORD200421,Chair,2,288.21,576.42
ORD200422,Phone,4,206.6,826.4
ORD200423,Printer,4,685.2,2740.8
ORD200424,Chair,5,22.94,114.7
ORD200425,Laptop,2,301.88,603.76
ORD200426,Monitor,5,57.45,287.25
ORD200427,Desk,1,161.24,161.24
ORD200428,Chair,4,262.58,1050.32
ORD200429,Printer,4,515.19,2060.76
ORD200430,Phone,1,450.07,450.07
ORD200431,Printer,1,52.54,52.54
ORD200432,Tablet,2,424.32,848.64
ORD200433,Monitor,3,631.64,1894.92
ORD200434,Printer,5,327.68,1638.4
ORD200435,Printer,1,414.47,414.47
ORD200436,Laptop,4,221.33,885.32
ORD200437,Phone,1,512.39,512.39
ORD200438,Tablet,3,459.34,1378.02
ORD200439,Tablet,1,146.32,146.32
ORD200440,Desk,4,83.6,334.4
ORD200441,Printer,2,328.54,657.08
ORD200442,Chair,5,314.94,1574.7
ORD200443,Chair,2,69.64,139.28
ORD200444,Printer,1,135.17,135.17
ORD200445,Phone,1,487.21,487.21
ORD200446,Laptop,5,509.58,2547.9
ORD200447,Printer,2,416.81,833.62
ORD200448,Laptop,2,160,320
ORD200449,Tablet,3,253.05,759.15
ORD200450,Monitor,5,615.1,3075.5
ORD200451,Monitor,1,183.18,183.18
ORD200452,Printer,1,75.78,75.78
ORD200453,Tablet,1,675.57,675.57
ORD200454,Laptop,1,109.29,109.29
ORD200455,Phone,1,639.83,639.83
ORD200456,Desk,5,62.81,314.05
ORD200457,Desk,4,615.83,2463.32
ORD200458,Monitor,4,510.58,2042.32
ORD200459,Desk,1,334.39,334.39
ORD200460,Laptop,1,144.25,144.25
ORD200461,Tablet,1,401.82,401.82
ORD200462,Phone,1,252.68,252.68
ORD200463,Laptop,5,662.78,3313.9
ORD200464,Tablet,4,434.42,1737.68
ORD200465,Printer,5,513.49,2567.45
ORD200466,Phone,1,432.47,432.47
ORD200467,Desk,1,45.94,45.94
ORD200468,Phone,1,418.36,418.36
ORD200469,Chair,5,676.98,3384.9
ORD200470,Tablet,4,263.62,1054.48
ORD200471,Desk,5,551.27,2756.35
ORD200472,Chair,3,508.12,1524.36
ORD200473,Chair,2,14.93,29.86
ORD200474,Printer,3,229.34,688.02
ORD200475,Tablet,2,438.62,877.24
ORD200476,Phone,2,513.59,1027.18
ORD200477,Phone,2,253.74,507.48
ORD200478,Tablet,3,62.77,188.31
ORD200479,Monitor,4,25.29,101.16
ORD200480,Chair,1,335.1,335.1
ORD200481,Laptop,4,484.85,1939.4
ORD200482,Monitor,3,381.41,1144.23
ORD200483,Phone,5,347.92,1739.6
ORD200484,Chair,4,15.01,60.04
ORD200485,Chair,3,404.79,1214.37
ORD200486,Printer,4,611.26,2445.04
ORD200487,Printer,3,346.52,1039.56
ORD200488,Chair,1,36.65,36.65
ORD200489,Tablet,3,149.34,448.02
ORD200490,Chair,5,467.81,2339.05
ORD200491,Phone,5,420.7,2103.5
ORD200492,Laptop,5,606.52,3032.6
ORD200493,Phone,1,420.26,420.26
ORD200494,Laptop,3,505.79,1517.37
ORD200495,Phone,4,493.73,1974.92
ORD200496,Printer,3,201.21,603.63
ORD200497,Printer,3,112.29,336.87
ORD200498,Tablet,4,132.56,530.24
ORD200499,Printer,3,539.46,1618.38
ORD200500,Laptop,5,508.59,2542.95
ORD200501,Desk,4,203.46,813.84
ORD200502,Monitor,3,565.25,1695.75
ORD200503,Tablet,3,136.84,410.52
ORD200504,Monitor,2,464.5,929
ORD200505,Printer,2,434.97,869.94
ORD200506,Monitor,2,43.67,87.34
ORD200507,Phone,1,171.59,171.59
ORD200508,Phone,1,558.27,558.27
ORD200509,Laptop,2,425.03,850.06
ORD200510,Printer,1,376.76,376.76
ORD200511,Monitor,5,575.24,2876.2
ORD200512,Desk,3,568.02,1704.06
ORD200513,Tablet,3,94.88,284.64
ORD200514,Printer,3,304.15,912.45
ORD200515,Phone,3,553.52,1660.56
ORD200516,Monitor,3,166.99,500.97
ORD200517,Tablet,4,198.35,793.4
ORD200518,Printer,4,403.58,1614.32
ORD200519,Laptop,4,464.29,1857.16
ORD200520,Monitor,3,635.98,1907.94
ORD200521,Phone,1,528.06,528.06
ORD200522,Chair,1,515.32,515.32
ORD200523,Desk,4,657.79,2631.16
ORD200524,Phone,1,153,153
ORD200525,Monitor,1,668.48,668.48
ORD200526,Desk,2,46.5,93
ORD200527,Chair,5,653.47,3267.35
ORD200528,Chair,1,628.89,628.89
ORD200529,Tablet,2,675.1,1350.2
ORD200530,Chair,4,89.41,357.64
ORD200531,Desk,5,320.01,1600.05
ORD200532,Laptop,2,41,82
ORD200533,Desk,1,565.85,565.85
ORD200534,Chair,3,648.59,1945.77
ORD200535,Monitor,3,68.12,204.36
ORD200536,Chair,1,616.1,616.1
ORD200537,Tablet,3,247.47,742.41
ORD200538,Phone,3,490.74,1472.22
ORD200539,Desk,3,531.72,1595.16
ORD200540,Laptop,5,648.65,3243.25
ORD200541,Printer,5,456.06,2280.3
ORD200542,Tablet,1,17.98,17.98
ORD200543,Desk,5,269.86,1349.3
ORD200544,Printer,5,31.96,159.8
ORD200545,Monitor,2,98.47,196.94
ORD200546,Monitor,1,158.68,158.68
ORD200547,Phone,1,613.98,613.98
ORD200548,Printer,3,426.12,1278.36
ORD200549,Monitor,4,629.88,2519.52
ORD200550,Laptop,4,228.91,915.64
ORD200551,Laptop,1,120.98,120.98
ORD200552,Chair,4,425.18,1700.72
ORD200553,Phone,2,333.83,667.66
ORD200554,Laptop,2,492.9,985.8
ORD200555,Tablet,1,92.04,92.04
ORD200556,Laptop,1,654.27,654.27
ORD200557,Tablet,1,56.2,56.2
ORD200558,Phone,4,628.12,2512.48
ORD200559,Desk,3,157.4,472.2
ORD200560,Monitor,4,588.85,2355.4
ORD200561,Printer,2,494.78,989.56
ORD200562,Laptop,3,663.93,1991.79
ORD200563,Laptop,1,132.68,132.68
ORD200564,Desk,5,364.28,1821.4
ORD200565,Tablet,5,307.98,1539.9
ORD200566,Phone,4,162.71,650.84
ORD200567,Chair,5,492.94,2464.7
ORD200568,Laptop,2,343.99,687.98
ORD200569,Desk,5,250.68,1253.4
ORD200570,Desk,2,362.14,724.28
ORD200571,Tablet,1,214.08,214.08
ORD200572,Printer,1,70.32,70.32
ORD200573,Chair,5,421.42,2107.1
ORD200574,Chair,5,384.69,1923.45
ORD200575,Chair,5,448.15,2240.75
ORD200576,Laptop,5,79.08,395.4
ORD200577,Tablet,4,185.41,741.64
ORD200578,Monitor,5,566.07,2830.35
ORD200579,Tablet,2,187.88,375.76
ORD200580,Monitor,2,255.99,511.98
ORD200581,Laptop,1,627.34,627.34
ORD200582,Tablet,3,474.14,1422.42
ORD200583,Chair,3,154.37,463.11
ORD200584,Chair,4,145.05,580.2
ORD200585,Tablet,4,67.08,268.32
ORD200586,Monitor,1,522.08,522.08
ORD200587,Monitor,5,514.6,2573
ORD200588,Monitor,4,577.82,2311.28
ORD200589,Laptop,2,500.8,1001.6
ORD200590,Printer,2,461.13,922.26
ORD200591,Laptop,1,605.28,605.28
ORD200592,Phone,3,204.27,612.81
ORD200593,Monitor,1,489.8,489.8
ORD200594,Phone,5,72.64,363.2
ORD200595,Printer,2,385.16,770.32
ORD200596,Desk,3,606.41,1819.23
ORD200597,Desk,2,211.82,423.64
ORD200598,Desk,5,495.35,2476.75
ORD200599,Chair,3,556.99,1670.97
ORD200600,Printer,1,72.31,72.31
ORD200601,Monitor,5,24.82,124.1
ORD200602,Tablet,4,26.04,104.16
ORD200603,Tablet,1,657.07,657.07
ORD200604,Chair,3,32.62,97.86
ORD200605,Monitor,2,228.91,457.82
ORD200606,Laptop,3,274.75,824.25
ORD200607,Printer,4,634.05,2536.2
ORD200608,Laptop,5,543.16,2715.8
ORD200609,Chair,3,449.13,1347.39
ORD200610,Desk,5,389.62,1948.1
ORD200611,Desk,1,305.17,305.17
ORD200612,Chair,3,445.12,1335.36
ORD200613,Laptop,2,230.36,460.72
ORD200614,Phone,1,96.81,96.81
ORD200615,Monitor,5,460.14,2300.7
ORD200616,Tablet,3,601.6,1804.8
ORD200617,Tablet,3,184.47,553.41
ORD200618,Tablet,1,411.34,411.34
ORD200619,Laptop,1,532.89,532.89
ORD200620,Tablet,3,136.34,409.02
ORD200621,Phone,5,476.01,2380.05
ORD200622,Desk,5,236.38,1181.9
ORD200623,Printer,3,396,1188
ORD200624,Tablet,5,341.96,1709.8
ORD200625,Tablet,1,672.89,672.89
ORD200626,Tablet,2,657.48,1314.96
ORD200627,Chair,3,498.68,1496.04
ORD200628,Printer,5,558.63,2793.15
ORD200629,Phone,3,19.73,59.19
ORD200630,Monitor,5,248.84,1244.2
ORD200631,Chair,3,46.11,138.33
ORD200632,Laptop,5,678.16,3390.8
ORD200633,Laptop,5,601.72,3008.6
ORD200634,Printer,2,259.32,518.64
ORD200635,Chair,3,63.68,191.04
ORD200636,Laptop,4,371.07,1484.28
ORD200637,Chair,4,306.35,1225.4
ORD200638,Tablet,4,578.27,2313.08
ORD200639,Chair,1,529.19,529.19
ORD200640,Chair,2,587.49,1174.98
ORD200641,Printer,4,567.57,2270.28
ORD200642,Chair,5,85.22,426.1
ORD200643,Laptop,1,438.37,438.37
ORD200644,Chair,2,366.23,732.46
ORD200645,Laptop,2,150.05,300.1
ORD200646,Chair,4,498.51,1994.04
ORD200647,Desk,3,339.39,1018.17
ORD200648,Monitor,2,575.83,1151.66
ORD200649,Monitor,2,642.98,1285.96
ORD200650,Desk,2,372.23,744.46
ORD200651,Chair,3,646.34,1939.02
ORD200652,Chair,5,341.84,1709.2
ORD200653,Printer,3,690.3,2070.9
ORD200654,Tablet,3,382.37,1147.11
ORD200655,Chair,2,132.6,265.2
ORD200656,Monitor,2,189.06,378.12
ORD200657,Tablet,4,87.79,351.16
ORD200658,Printer,2,46.36,92.72
ORD200659,Phone,2,642.04,1284.08
ORD200660,Chair,2,651.57,1303.14
ORD200661,Tablet,3,424.89,1274.67
ORD200662,Laptop,3,438.89,1316.67
ORD200663,Monitor,1,72.6,72.6
ORD200664,Laptop,4,194.75,779
ORD200665,Tablet,4,231.26,925.04
ORD200666,Monitor,4,327.12,1308.48
ORD200667,Laptop,1,466.42,466.42
ORD200668,Monitor,2,253.67,507.34
ORD200669,Desk,1,257,257
ORD200670,Desk,4,539.2,2156.8
ORD200671,Chair,5,50.74,253.7
ORD200672,Phone,2,624.16,1248.32
ORD200673,Tablet,2,372.92,745.84
ORD200674,Laptop,4,358.75,1435
ORD200675,Desk,3,342.02,1026.06
ORD200676,Laptop,2,422.34,844.68
ORD200677,Tablet,5,22.07,110.35
ORD200678,Chair,3,163.13,489.39
ORD200679,Tablet,3,360.66,1081.98
ORD200680,Monitor,3,463.39,1390.17
ORD200681,Tablet,1,155.27,155.27
ORD200682,Monitor,3,509.42,1528.26
ORD200683,Desk,4,652.48,2609.92
ORD200684,Printer,4,34.84,139.36
ORD200685,Desk,1,234.37,234.37
ORD200686,Desk,3,53.6,160.8
ORD200687,Tablet,1,332.09,332.09
ORD200688,Monitor,4,593.22,2372.88
ORD200689,Tablet,2,444.84,889.68
ORD200690,Monitor,1,24.48,24.48
ORD200691,Laptop,3,239.08,717.24
ORD200692,Desk,5,196.84,984.2
ORD200693,Monitor,1,176.58,176.58
ORD200694,Printer,4,666.52,2666.08
ORD200695,Printer,5,101.3,506.5
ORD200696,Chair,4,151.2,604.8
ORD200697,Printer,5,94.85,474.25
ORD200698,Laptop,2,388.22,776.44
ORD200699,Laptop,3,614.15,1842.45
ORD200700,Laptop,2,92.91,185.82
ORD200701,Monitor,3,92.22,276.66
ORD200702,Printer,3,562.55,1687.65
ORD200703,Desk,1,92.79,92.79
ORD200704,Desk,4,30.27,121.08
ORD200705,Monitor,2,49.08,98.16
ORD200706,Desk,5,228.09,1140.45
ORD200707,Chair,4,650.04,2600.16
ORD200708,Printer,1,665.11,665.11
ORD200709,Desk,1,386.03,386.03
ORD200710,Laptop,5,21.54,107.7
ORD200711,Tablet,2,475.78,951.56
ORD200712,Tablet,2,68.4,136.8
ORD200713,Tablet,4,532.49,2129.96
ORD200714,Laptop,1,51.73,51.73
ORD200715,Printer,3,653.63,1960.89
ORD200716,Chair,3,454.29,1362.87
ORD200717,Chair,3,122.11,366.33
ORD200718,Laptop,4,64.74,258.96
ORD200719,Laptop,2,681.06,1362.12
ORD200720,Desk,5,128.95,644.75
ORD200721,Desk,2,118.59,237.18
ORD200722,Printer,1,95.1,95.1
ORD200723,Desk,3,54.95,164.85
ORD200724,Printer,3,136.97,410.91
ORD200725,Chair,2,194.85,389.7
ORD200726,Laptop,4,583.02,2332.08
ORD200727,Chair,5,95.75,478.75
ORD200728,Desk,4,325.76,1303.04
ORD200729,Phone,4,186.41,745.64
ORD200730,Phone,1,474.6,474.6
ORD200731,Printer,5,584.46,2922.3
ORD200732,Laptop,1,132.05,132.05
ORD200733,Tablet,4,494.84,1979.36
ORD200734,Printer,4,224.61,898.44
ORD200735,Monitor,4,44.07,176.28
ORD200736,Monitor,5,418.53,2092.65
ORD200737,Phone,4,532.87,2131.48
ORD200738,Phone,2,485.37,970.74
ORD200739,Phone,4,386.73,1546.92
ORD200740,Desk,2,377.47,754.94
ORD200741,Monitor,5,332.64,1663.2
ORD200742,Laptop,3,699.93,2099.79
ORD200743,Monitor,1,576.35,576.35
ORD200744,Tablet,2,461.37,922.74
ORD200745,Printer,4,111.3,445.2
ORD200746,Desk,3,661.89,1985.67
ORD200747,Tablet,2,259.58,519.16
ORD200748,Tablet,3,70.81,212.43
ORD200749,Laptop,1,518.39,518.39
ORD200750,Tablet,4,145.41,581.64
ORD200751,Tablet,2,599.86,1199.72
ORD200752,Phone,4,429.37,1717.48
ORD200753,Phone,2,241.49,482.98
ORD200754,Printer,2,452.05,904.1
ORD200755,Desk,3,336.71,1010.13
ORD200756,Phone,1,283.69,283.69
ORD200757,Desk,1,157.72,157.72
ORD200758,Tablet,3,624.84,1874.52
ORD200759,Desk,3,308.01,924.03
ORD200760,Desk,1,39.56,39.56
ORD200761,Desk,4,37.76,151.04
ORD200762,Phone,3,76.96,230.88
ORD200763,Laptop,1,569.96,569.96
ORD200764,Laptop,5,627.43,3137.15
ORD200765,Laptop,2,534.91,1069.82
ORD200766,Printer,2,278.88,557.76
ORD200767,Tablet,2,323.22,646.44
ORD200768,Tablet,5,653.46,3267.3
ORD200769,Printer,4,678.55,2714.2
ORD200770,Desk,1,314.38,314.38
ORD200771,Phone,3,692.44,2077.32
ORD200772,Monitor,1,604.87,604.87
ORD200773,Phone,2,512.33,1024.66
ORD200774,Chair,3,20.54,61.62
ORD200775,Phone,2,625.22,1250.44
ORD200776,Tablet,1,21.19,21.19
ORD200777,Chair,5,64.49,322.45
ORD200778,Laptop,4,246.85,987.4
ORD200779,Phone,3,588.74,1766.22
ORD200780,Laptop,4,184.48,737.92
ORD200781,Phone,5,524.26,2621.3
ORD200782,Monitor,2,493.63,987.26
ORD200783,Printer,1,438.34,438.34
ORD200784,Laptop,1,325.81,325.81
ORD200785,Chair,1,176.1,176.1
ORD200786,Chair,5,45.31,226.55
ORD200787,Desk,4,221.96,887.84
ORD200788,Chair,2,601.43,1202.86
ORD200789,Tablet,5,691.28,3456.4
ORD200790,Laptop,4,417.89,1671.56
ORD200791,Chair,4,409.28,1637.12
ORD200792,Desk,2,356.35,712.7
ORD200793,Chair,5,170.22,851.1
ORD200794,Printer,4,384.85,1539.4
ORD200795,Laptop,4,115.77,463.08
ORD200796,Phone,3,579.55,1738.65
ORD200797,Laptop,2,438.76,877.52
ORD200798,Phone,5,488.35,2441.75
ORD200799,Laptop,4,328.56,1314.24
ORD200800,Tablet,1,68.39,68.39
ORD200801,Printer,4,595.62,2382.48
ORD200802,Chair,5,644.64,3223.2
ORD200803,Monitor,5,397.81,1989.05
ORD200804,Chair,3,236.5,709.5
ORD200805,Laptop,5,472.01,2360.05
ORD200806,Chair,5,253.75,1268.75
ORD200807,Monitor,3,676.21,2028.63
ORD200808,Desk,3,134.05,402.15
ORD200809,Desk,5,217.43,1087.15
ORD200810,Tablet,1,553.56,553.56
ORD200811,Laptop,2,28.55,57.1
ORD200812,Phone,2,255.26,510.52
ORD200813,Laptop,5,292.54,1462.7
ORD200814,Chair,4,147.51,590.04
ORD200815,Printer,3,569.84,1709.52
ORD200816,Tablet,5,574.79,2873.95
ORD200817,Chair,4,598.19,2392.76
ORD200818,Phone,4,390.84,1563.36
ORD200819,Phone,2,398.45,796.9
ORD200820,Phone,5,623.81,3119.05
ORD200821,Laptop,4,174.49,697.96
ORD200822,Phone,1,479.56,479.56
ORD200823,Laptop,4,653.13,2612.52
ORD200824,Monitor,3,481.1,1443.3
ORD200825,Desk,5,271.69,1358.45
ORD200826,Printer,3,463.81,1391.43
ORD200827,Tablet,2,639.88,1279.76
ORD200828,Chair,4,404.58,1618.32
ORD200829,Monitor,1,76.93,76.93
ORD200830,Tablet,4,190.64,762.56
ORD200831,Printer,2,88.73,177.46
ORD200832,Chair,5,485.71,2428.55
ORD200833,Phone,5,78.29,391.45
ORD200834,Printer,5,22.14,110.7
ORD200835,Desk,1,679.65,679.65
ORD200836,Phone,1,178.44,178.44
ORD200837,Chair,5,655.55,3277.75
ORD200838,Desk,4,577.08,2308.32
ORD200839,Chair,3,197.97,593.91
ORD200840,Chair,3,411.95,1235.85
ORD200841,Printer,2,443.22,886.44
ORD200842,Laptop,3,364.14,1092.42
ORD200843,Desk,3,430.06,1290.18
ORD200844,Chair,1,320.92,320.92
ORD200845,Phone,3,107.36,322.08
ORD200846,Desk,2,359.86,719.72
ORD200847,Printer,4,434.23,1736.92
ORD200848,Chair,2,645.85,1291.7
ORD200849,Printer,4,214.35,857.4
ORD200850,Monitor,3,638.5,1915.5
ORD200851,Laptop,1,365.57,365.57
ORD200852,Desk,3,568.05,1704.15
ORD200853,Printer,3,490.01,1470.03
ORD200854,Laptop,3,372.6,1117.8
ORD200855,Monitor,5,240.61,1203.05
ORD200856,Phone,1,586.62,586.62
ORD200857,Phone,3,257.84,773.52
ORD200858,Tablet,5,435.66,2178.3
ORD200859,Chair,5,261.33,1306.65
ORD200860,Printer,1,422.54,422.54
ORD200861,Desk,5,330.45,1652.25
ORD200862,Desk,3,120.82,362.46
ORD200863,Phone,1,14.06,14.06
ORD200864,Desk,1,491.11,491.11
ORD200865,Monitor,4,677.37,2709.48
ORD200866,Desk,5,189.25,946.25
ORD200867,Printer,4,142.58,570.32
ORD200868,Monitor,4,316.32,1265.28
ORD200869,Desk,2,533.95,1067.9
ORD200870,Phone,4,470.09,1880.36
ORD200871,Tablet,3,324.3,972.9
ORD200872,Chair,4,629.34,2517.36
ORD200873,Desk,3,136.84,410.52
ORD200874,Chair,2,488.9,977.8
ORD200875,Laptop,5,133.39,666.95
ORD200876,Chair,5,608.91,3044.55
ORD200877,Tablet,1,524.06,524.06
ORD200878,Desk,2,330.69,661.38
ORD200879,Phone,2,547.67,1095.34
ORD200880,Laptop,4,233.7,934.8
ORD200881,Tablet,2,448.85,897.7
ORD200882,Phone,2,274.12,548.24
ORD200883,Printer,5,561.48,2807.4
ORD200884,Chair,1,595.54,595.54
ORD200885,Laptop,4,515.59,2062.36
ORD200886,Phone,1,460.13,460.13
ORD200887,Chair,3,171.66,514.98
ORD200888,Laptop,2,266.95,533.9
ORD200889,Monitor,5,650.72,3253.6
ORD200890,Laptop,3,439.53,1318.59
ORD200891,Monitor,3,654.54,1963.62
ORD200892,Desk,1,394.53,394.53
ORD200893,Monitor,1,678.01,678.01
ORD200894,Tablet,3,575.01,1725.03
ORD200895,Chair,3,154.64,463.92
ORD200896,Desk,3,147.29,441.87
ORD200897,Laptop,4,481.48,1925.92
ORD200898,Monitor,3,158.37,475.11
ORD200899,Printer,2,323.37,646.74
ORD200900,Laptop,5,73.83,369.15
ORD200901,Tablet,1,458.63,458.63
ORD200902,Monitor,4,180.25,721
ORD200903,Monitor,3,473.49,1420.47
ORD200904,Monitor,4,237.43,949.72
ORD200905,Laptop,1,442.39,442.39
ORD200906,Monitor,1,62.12,62.12
ORD200907,Desk,5,298.39,1491.95
ORD200908,Desk,2,697.93,1395.86
ORD200909,Tablet,2,291.85,583.7
ORD200910,Printer,3,308.98,926.94
ORD200911,Desk,5,396.86,1984.3
ORD200912,Desk,2,139.69,279.38
ORD200913,Printer,5,475.95,2379.75
ORD200914,Desk,1,626.6,626.6
ORD200915,Laptop,4,502.99,2011.96
ORD200916,Printer,5,578.83,2894.15
ORD200917,Laptop,5,383.82,1919.1
ORD200918,Laptop,5,368.25,1841.25
ORD200919,Printer,2,374.6,749.2
ORD200920,Tablet,2,428.09,856.18
ORD200921,Tablet,1,438.93,438.93
ORD200922,Desk,2,563.82,1127.64
ORD200923,Printer,3,649.93,1949.79
ORD200924,Printer,5,268.43,1342.15
ORD200925,Monitor,5,502.47,2512.35
ORD200926,Desk,1,26.95,26.95
ORD200927,Laptop,4,64.69,258.76
ORD200928,Laptop,3,247.11,741.33
ORD200929,Tablet,2,536.25,1072.5
ORD200930,Phone,2,456.04,912.08
ORD200931,Printer,2,40.23,80.46
ORD200932,Laptop,2,72.39,144.78
ORD200933,Monitor,2,394.16,788.32
ORD200934,Laptop,4,119.84,479.36
ORD200935,Phone,3,692.71,2078.13
ORD200936,Chair,4,56.66,226.64
ORD200937,Chair,2,298.53,597.06
ORD200938,Chair,3,331.46,994.38
ORD200939,Laptop,2,521.4,1042.8
ORD200940,Printer,4,305.32,1221.28
ORD200941,Printer,5,111.7,558.5
ORD200942,Tablet,1,479.76,479.76
ORD200943,Monitor,3,193.49,580.47
ORD200944,Laptop,2,426.22,852.44
ORD200945,Tablet,5,276.44,1382.2
ORD200946,Phone,2,404.96,809.92
ORD200947,Phone,4,465.66,1862.64
ORD200948,Phone,2,594.07,1188.14
ORD200949,Desk,5,110.38,551.9
ORD200950,Laptop,1,596.24,596.24
ORD200951,Printer,2,306.24,612.48
ORD200952,Monitor,3,503.39,1510.17
ORD200953,Phone,1,131.61,131.61
ORD200954,Chair,3,443.44,1330.32
ORD200955,Chair,1,408.13,408.13
ORD200956,Phone,2,160.98,321.96
ORD200957,Monitor,5,643.89,3219.45
ORD200958,Desk,3,158.66,475.98
ORD200959,Tablet,2,143.82,287.64
ORD200960,Laptop,3,379.07,1137.21
ORD200961,Phone,1,601.36,601.36
ORD200962,Phone,2,142.08,284.16
ORD200963,Chair,5,530.34,2651.7
ORD200964,Phone,5,364.42,1822.1
ORD200965,Laptop,4,578.28,2313.12
ORD200966,Monitor,5,280.52,1402.6
ORD200967,Tablet,5,638.92,3194.6
ORD200968,Monitor,4,412.2,1648.8
ORD200969,Desk,1,440.34,440.34
ORD200970,Desk,1,627.15,627.15
ORD200971,Monitor,2,605.26,1210.52
ORD200972,Laptop,1,90.27,90.27
ORD200973,Desk,5,230.77,1153.85
ORD200974,Desk,5,266.78,1333.9
ORD200975,Desk,1,105.92,105.92
ORD200976,Tablet,3,589.3,1767.9
ORD200977,Chair,4,649.47,2597.88
ORD200978,Printer,4,107.49,429.96
ORD200979,Monitor,3,669.06,2007.18
ORD200980,Chair,3,69.65,208.95
ORD200981,Phone,4,136.83,547.32
ORD200982,Monitor,1,304.11,304.11
ORD200983,Monitor,4,296.28,1185.12
ORD200984,Desk,1,77.64,77.64
ORD200985,Desk,1,243.71,243.71
ORD200986,Laptop,4,644.96,2579.84
ORD200987,Phone,5,283.73,1418.65
ORD200988,Desk,2,629.56,1259.12
ORD200989,Laptop,4,246.11,984.44
ORD200990,Phone,2,418.26,836.52
ORD200991,Desk,5,127.18,635.9
ORD200992,Printer,3,586.21,1758.63
ORD200993,Monitor,3,267.45,802.35
ORD200994,Tablet,4,615.65,2462.6
ORD200995,Monitor,2,113.29,226.58
ORD200996,Monitor,4,473.86,1895.44
ORD200997,Laptop,3,444.75,1334.25
ORD200998,Phone,2,183.67,367.34
ORD200999,Printer,1,483.38,483.38
ORD201000,Printer,5,260.93,1304.65
ORD201001,Printer,2,253.68,507.36
ORD201002,Tablet,4,699.88,2799.52
ORD201003,Printer,5,319.97,1599.85
ORD201004,Chair,4,246.91,987.64
ORD201005,Printer,3,392.85,1178.55
ORD201006,Tablet,5,420.98,2104.9
ORD201007,Monitor,2,73.26,146.52
ORD201008,Monitor,3,410.88,1232.64
ORD201009,Tablet,2,176.46,352.92
ORD201010,Monitor,3,659.57,1978.71
ORD201011,Phone,2,478.36,956.72
ORD201012,Printer,4,30.05,120.2
ORD201013,Laptop,4,300.56,1202.24
ORD201014,Tablet,5,226.45,1132.25
ORD201015,Printer,2,349.4,698.8
ORD201016,Tablet,5,268.78,1343.9
ORD201017,Chair,2,680.85,1361.7
ORD201018,Laptop,3,182.48,547.44
ORD201019,Desk,1,277.09,277.09
ORD201020,Tablet,2,26.5,53
ORD201021,Phone,3,315.27,945.81
ORD201022,Tablet,3,450.98,1352.94
ORD201023,Laptop,5,233.67,1168.35
ORD201024,Chair,3,367.75,1103.25
ORD201025,Chair,1,23.53,23.53
ORD201026,Monitor,1,677.48,677.48
ORD201027,Laptop,4,554.83,2219.32
ORD201028,Desk,4,440.31,1761.24
ORD201029,Desk,1,87.06,87.06
ORD201030,Phone,4,245.28,981.12
ORD201031,Phone,5,664.51,3322.55
ORD201032,Chair,1,618.68,618.68
ORD201033,Monitor,1,370.85,370.85
ORD201034,Printer,4,517.98,2071.92
ORD201035,Laptop,4,506.11,2024.44
ORD201036,Phone,3,413.83,1241.49
ORD201037,Printer,1,249.81,249.81
ORD201038,Tablet,3,362.53,1087.59
ORD201039,Desk,2,299.23,598.46
ORD201040,Tablet,1,536.07,536.07
ORD201041,Monitor,4,558.9,2235.6
ORD201042,Tablet,2,409.75,819.5
ORD201043,Tablet,2,179.96,359.92
ORD201044,Printer,1,38.49,38.49
ORD201045,Laptop,5,316.4,1582
ORD201046,Tablet,3,547.15,1641.45
ORD201047,Chair,4,540.34,2161.36
ORD201048,Monitor,4,73.65,294.6
ORD201049,Desk,5,391.86,1959.3
ORD201050,Laptop,5,69.7,348.5
ORD201051,Monitor,5,26.43,132.15
ORD201052,Tablet,1,531.74,531.74
ORD201053,Phone,2,496.62,993.24
ORD201054,Printer,1,660.66,660.66
ORD201055,Monitor,4,274.82,1099.28
ORD201056,Phone,2,486.35,972.7
ORD201057,Laptop,3,428.88,1286.64
ORD201058,Desk,2,412.14,824.28
ORD201059,Desk,1,265.64,265.64
ORD201060,Tablet,2,273.43,546.86
ORD201061,Laptop,5,131.7,658.5
ORD201062,Chair,5,85.52,427.6
ORD201063,Desk,2,320.68,641.36
ORD201064,Laptop,4,198.81,795.24
ORD201065,Printer,5,666.8,3334
ORD201066,Desk,1,355.09,355.09
ORD201067,Phone,2,316.2,632.4
ORD201068,Laptop,1,133.39,133.39
ORD201069,Monitor,1,454.23,454.23
ORD201070,Desk,4,491.29,1965.16
ORD201071,Phone,2,255.14,510.28
ORD201072,Monitor,1,392.61,392.61
ORD201073,Tablet,4,362.06,1448.24
ORD201074,Phone,1,222.73,222.73
ORD201075,Monitor,2,552.63,1105.26
ORD201076,Laptop,4,686.61,2746.44
ORD201077,Printer,3,305.16,915.48
ORD201078,Desk,1,41.09,41.09
ORD201079,Phone,5,634,3170
ORD201080,Laptop,5,464.74,2323.7
ORD201081,Monitor,4,425.6,1702.4
ORD201082,Chair,3,573.22,1719.66
ORD201083,Chair,1,123.28,123.28
ORD201084,Phone,1,70.82,70.82
ORD201085,Printer,2,646.69,1293.38
ORD201086,Tablet,2,513.42,1026.84
ORD201087,Laptop,4,693.07,2772.28
ORD201088,Desk,3,491.43,1474.29
ORD201089,Tablet,2,599.74,1199.48
ORD201090,Monitor,2,650.25,1300.5
ORD201091,Laptop,3,209.48,628.44
ORD201092,Laptop,5,209.2,1046
ORD201093,Phone,4,197.36,789.44
ORD201094,Printer,4,648.91,2595.64
ORD201095,Phone,2,441.54,883.08
ORD201096,Tablet,2,464.92,929.84
ORD201097,Monitor,5,506.45,2532.25
ORD201098,Monitor,4,255.86,1023.44
ORD201099,Laptop,2,125.23,250.46
ORD201100,Laptop,5,38.11,190.55
ORD201101,Monitor,3,161.97,485.91
ORD201102,Chair,4,347.17,1388.68
ORD201103,Laptop,4,276.32,1105.28
ORD201104,Tablet,4,314.76,1259.04
ORD201105,Tablet,3,475.69,1427.07
ORD201106,Chair,1,372.8,372.8
ORD201107,Tablet,2,63.21,126.42
ORD201108,Laptop,1,634.94,634.94
ORD201109,Printer,4,77.47,309.88
ORD201110,Chair,3,84.31,252.93
ORD201111,Monitor,4,234.45,937.8
ORD201112,Desk,1,356.81,356.81
ORD201113,Desk,4,209.99,839.96
ORD201114,Tablet,3,659.88,1979.64
ORD201115,Laptop,2,336.32,672.64
ORD201116,Printer,2,531.49,1062.98
ORD201117,Chair,3,588.44,1765.32
ORD201118,Phone,3,251.48,754.44
ORD201119,Laptop,1,684.65,684.65
ORD201120,Tablet,1,195.86,195.86
ORD201121,Phone,3,50.34,151.02
ORD201122,Monitor,5,678.19,3390.95
ORD201123,Tablet,3,554.25,1662.75
ORD201124,Chair,4,576.87,2307.48
ORD201125,Desk,4,408.36,1633.44
ORD201126,Phone,5,190.11,950.55
ORD201127,Printer,3,602.75,1808.25
ORD201128,Monitor,3,646.79,1940.37
ORD201129,Chair,4,418.71,1674.84
ORD201130,Laptop,2,323.45,646.9
ORD201131,Phone,1,694.5,694.5
ORD201132,Chair,2,337.32,674.64
ORD201133,Printer,2,467.91,935.82
ORD201134,Desk,4,38.28,153.12
ORD201135,Printer,2,73.41,146.82
ORD201136,Tablet,3,668.33,2004.99
ORD201137,Printer,4,410.21,1640.84
ORD201138,Desk,4,294.41,1177.64
ORD201139,Chair,3,501.82,1505.46
ORD201140,Printer,2,552.83,1105.66
ORD201141,Chair,3,498.66,1495.98
ORD201142,Phone,4,695.1,2780.4
ORD201143,Chair,1,381.61,381.61
ORD201144,Desk,5,507.94,2539.7
ORD201145,Desk,3,571.53,1714.59
ORD201146,Monitor,5,421.44,2107.2
ORD201147,Chair,2,588.3,1176.6
ORD201148,Phone,1,355.15,355.15
ORD201149,Chair,2,695.29,1390.58
ORD201150,Desk,4,302.65,1210.6
ORD201151,Chair,2,608.04,1216.08
ORD201152,Tablet,2,344.18,688.36
ORD201153,Monitor,4,696.71,2786.84
ORD201154,Monitor,3,198.63,595.89
ORD201155,Printer,4,534.57,2138.28
ORD201156,Laptop,4,690.78,2763.12
ORD201157,Monitor,3,301.55,904.65
ORD201158,Monitor,4,27.42,109.68
ORD201159,Desk,4,466.7,1866.8
ORD201160,Desk,1,541.64,541.64
ORD201161,Phone,1,11.39,11.39
ORD201162,Phone,2,224.37,448.74
ORD201163,Laptop,3,306.29,918.87
ORD201164,Tablet,5,315.57,1577.85
ORD201165,Chair,3,223.79,671.37
ORD201166,Chair,3,324.47,973.41
ORD201167,Printer,2,92.87,185.74
ORD201168,Laptop,2,331.42,662.84
ORD201169,Chair,1,525.43,525.43
ORD201170,Printer,2,697.19,1394.38
ORD201171,Phone,4,518.4,2073.6
ORD201172,Desk,3,131.96,395.88
ORD201173,Monitor,1,208.36,208.36
ORD201174,Printer,3,222.34,667.02
ORD201175,Printer,3,91.74,275.22
ORD201176,Tablet,2,213.83,427.66
ORD201177,Printer,1,127.55,127.55
ORD201178,Monitor,1,70.24,70.24
ORD201179,Laptop,5,518.55,2592.75
ORD201180,Chair,4,298.36,1193.44
ORD201181,Desk,3,158.74,476.22
ORD201182,Chair,2,420.29,840.58
ORD201183,Desk,1,281.52,281.52
ORD201184,Laptop,1,204.08,204.08
ORD201185,Chair,1,343.31,343.31
ORD201186,Monitor,1,163.32,163.32
ORD201187,Desk,2,184.6,369.2
ORD201188,Printer,2,371.29,742.58
ORD201189,Tablet,5,389.22,1946.1
ORD201190,Desk,3,616.39,1849.17
ORD201191,Desk,4,376.43,1505.72
ORD201192,Chair,3,432.85,1298.55
ORD201193,Tablet,1,687.89,687.89
ORD201194,Printer,3,189.44,568.32
ORD201195,Desk,1,107.04,107.04
ORD201196,Monitor,2,662.53,1325.06
ORD201197,Tablet,2,436.84,873.68
ORD201198,Chair,4,262.52,1050.08
ORD201199,Tablet,4,560.58,2242.32
